year,usdret_count,usdret_mean,usdret_std,usdret_min,usdret_median,usdret_max,market_equity_count,market_equity_mean,market_equity_std,market_equity_min,market_equity_median,market_equity_max,assets_count,assets_mean,assets_std,assets_min,assets_median,assets_max,sales_count,sales_mean,sales_std,sales_min,sales_median,sales_max,net_income_count,net_income_mean,net_income_std,net_income_min,net_income_median,net_income_max,book_equity_count,book_equity_mean,book_equity_std,book_equity_min,book_equity_median,book_equity_max,debt_at_count,debt_at_mean,debt_at_std,debt_at_min,debt_at_median,debt_at_max,cash_at_count,cash_at_mean,cash_at_std,cash_at_min,cash_at_median,cash_at_max,ocf_at_count,ocf_at_mean,ocf_at_std,ocf_at_min,ocf_at_median,ocf_at_max,roe_count,roe_mean,roe_std,roe_min,roe_median,roe_max,beta_count,beta_mean,beta_std,beta_min,beta_median,beta_max,btm_count,btm_mean,btm_std,btm_min,btm_median,btm_max
1986,30,-0.007553333333333332,0.06553976278372639,-0.1818,-0.0056,0.1287,33,89.07524221212121,70.98204749366164,11.105125,72.739624,243.9945,25,118.48044,94.83766972265468,13.016,105.397,429.702,23,24.40886956521739,24.423683093379868,2.0,15.226,96.679,23,5.351782608695652,8.469805938296998,-9.856,3.488,32.27,25,58.80292,54.22443505232059,6.871,32.468,203.712,25,0.363022552472,0.2618405445279258,0.0,0.26745293,0.92627215,25,0.11815701629799999,0.12422240302801174,0.00086086075,0.068386786,0.46672198,22,0.0482753789,0.06334010790557776,-0.08525067,0.036928668,0.22003688,21,0.037158871280041084,0.33855724523187397,-1.3959670947030496,0.0995349283214268,0.2568141592920354,19,0.427419290719699,0.1932175242618147,0.0440458473178612,0.3347504722360247,0.7959060392056783,25,0.6866774459280898,0.4563552670436749,0.0995967871491568,0.5764446993139546,1.8149278541795348
1987,446,-0.0017856502242152464,0.09152205196491384,-0.3704,0.0,0.5532,455,86.55472984615385,68.78119491866728,10.0275,72.7005,293.95062,393,198.96103562340969,514.0852927076597,13.158,121.407,4552.906,355,23.06858028169014,22.586289385105864,2.0,17.536,92.94,355,5.573253521126761,7.345331730380245,-13.202,3.638,32.27,393,64.79965903307888,55.05508819875074,0.514,55.751,205.237,393,0.373188877089313,0.28188613466076395,0.0,0.3206631,0.9660294,393,0.10202683891781171,0.12846660750192065,0.0,0.048240468,0.68873733,298,0.05648119226510067,0.06028838111697456,-0.10471877,0.047587633,0.23941502,312,0.09465080000146449,0.15105004879488626,-1.3959670947030496,0.0825143531375455,0.4109741351753277,280,0.4530974829095781,0.2794919831003015,-0.1893656812482929,0.4311078315059169,1.440136611427583,393,0.9322669308626319,0.9874408697090747,0.0049996960162391,0.877852378784701,8.807364139633968
1988,461,0.013316268980477223,0.07608397974524805,-0.2397,0.0047,0.4865,464,91.46553114008621,72.68083561815544,10.0275,69.94468499999999,303.5725,447,323.4067919463088,1149.7144606126503,12.854,115.494,7782.375,422,32.446943127962086,74.85433693182173,1.865,17.085500000000003,610.737,422,4.780232227488152,7.6741142519279055,-30.088,2.74,33.583,428,75.06965654205607,54.107939796289195,0.56,59.388,202.507,447,0.3754087497458613,0.2674076096832013,0.0,0.35105738,1.0308299,447,0.07906405088076063,0.10622893406791302,0.0,0.03259111,0.6002156,352,0.048507678911079544,0.0522252252600073,-0.07511634,0.04426232,0.23941502,391,0.10107596135237246,0.22129954346632935,-0.3272840725911288,0.0737774553981747,1.6900278645613442,341,0.5508344866966992,0.24385758845349398,0.1620150621571446,0.5227820161777901,1.1793828868707683,428,1.1473869535927865,1.1019330134508487,0.0110913601747718,0.9752357071448001,7.772968293949259
1989,501,-0.0010473053892215568,0.08908052367226267,-0.403,0.0,0.7632,502,94.16615904183267,88.01030660224976,10.0275,60.25475,396.75824,490,347.02686326530613,1259.435853851005,12.688,133.414,8438.343,481,39.23741372141372,111.46592729305844,1.793,14.405,750.838,481,4.840033264033264,8.065976461019744,-17.89,3.032,36.761,478,77.78495606694561,57.32259691004669,2.319,65.73,265.516,490,0.4087972582889796,0.2739754041114298,0.0,0.35965925,0.9529366,490,0.07391244495880613,0.10516162973390601,0.0,0.027928473000000002,0.45303088,463,0.04855594886371491,0.05526896290524034,-0.2468516,0.047531307,0.24890107,463,0.06713594732435518,0.19776907834983132,-1.082178432221741,0.0741283649565038,0.6474724439376663,454,0.513760310468736,0.25680975024553526,-0.0215014766147201,0.4983244873664493,1.09587542757735,478,1.2651649619715202,1.103710494849028,0.0251414204033855,1.0865866382021547,7.353150686960535
1990,464,-0.01264418103448276,0.11750808165110822,-0.619,-0.00825,0.8889,466,80.96832539270386,83.58873024940952,10.057062,44.720687999999996,365.80438,462,353.12695670995674,1198.4433347865715,12.552,131.59550000000002,7919.664,459,44.30527015250544,112.8546714679391,1.784,18.387,747.343,459,4.271980392156863,14.2898598716107,-115.268,2.901,31.475,444,85.18323873873874,68.72187816858157,1.086,66.8265,265.132,462,0.42691768785281387,0.2683489928667567,0.0,0.3569151,1.0840755,462,0.05737011519567532,0.0935321372285375,0.0,0.02379898,0.49587914,459,0.053798838855991286,0.11968453183355852,-0.2468516,0.053140536,1.3195289,444,0.15426362912299976,0.7931684633028108,-1.082178432221741,0.07606092884681831,6.28677733257012,442,0.5275592444850168,0.2651546895740248,-0.1371239185051452,0.500033081329238,1.177129225746579,444,1.549375748988873,1.3114270577250895,0.0073951500185064,1.295348250865936,11.680268743148783
1991,504,0.026250992063492063,0.09128797180478135,-0.3784,0.0194,0.3846,524,85.93002330343512,97.23303147557768,10.00625,37.7371885,584.7845,514,334.4495622568093,1014.7438480132246,12.424,96.46600000000001,7159.539,511,43.14476712328767,98.1644347805601,1.062,15.818,624.526,511,5.16959686888454,9.300734131361065,-25.783,3.011,30.551,491,79.29595723014258,71.9753406728985,1.951,54.732,335.685,514,0.38717903236575874,0.31559076259593555,0.0,0.3205625,1.2553643,514,0.049860513904638325,0.07309778439479292,0.0,0.03036716,0.49587914,511,0.056461530189628184,0.061013501480663375,-0.4546208,0.0627263,0.21372582,426,0.16396466184732916,0.6765941195306707,-0.1556567957479119,0.0870782867289341,6.28677733257012,419,0.6188682863533363,0.26836659572294086,0.0382044561429401,0.5936063015800546,1.2869453742768613,491,1.405818759515421,1.3663619577966384,0.0161167075590289,1.1052678168947658,9.367555773569508
1992,629,0.016502861685214625,0.08396313581870976,-0.2531,0.0127,1.0204,631,96.80545674326466,112.47130238531113,10.004,48.87,612.5297,620,283.43653387096776,793.1625493563987,0.0,87.537,5536.512,590,36.56086271186441,82.66436280096833,0.149,11.808,543.449,590,4.163364406779661,8.35830386980847,-25.085,2.502,34.338,604,80.1427201986755,74.19216419230874,0.363,55.675,328.522,618,0.3079334160744337,0.32326574207563524,0.0,0.27179185,1.2670022,618,0.04724498163662945,0.058204661142275904,0.0,0.033816375,0.4106194,588,0.06074891477721089,0.0514722973764753,-0.13105665,0.061076686,0.25371173,503,0.07138692363375714,0.09527355021190746,-0.2796684118673647,0.0811133383318287,0.4882578264444578,389,0.6005972479944122,0.3127599425930235,-0.4042784524338855,0.5895513849757192,1.6395887377679068,604,1.2074584504668233,1.0481420871213525,0.0019435071495289,1.05824524397222,6.950018271492628
1993,799,0.025440425531914893,0.10107042337658906,-0.2679,0.0171,1.6,838,155.8562769075179,167.32793740099822,10.044,75.503625,854.09375,753,235.6347476759628,499.6992361357867,0.039,103.903,3981.409,725,32.30501103448276,57.99995864403546,0.01,14.333,435.403,725,2.8523103448275866,13.288116940827662,-78.864,2.675,55.248,710,87.86984647887324,81.81349465660925,0.19,56.062,389.053,753,0.34400802850013285,0.3341134035416488,0.0,0.28282928,1.2574303,753,0.056190092628458164,0.09096211160192988,5.6759673e-05,0.030617872,1.0,698,0.09450690023352436,0.40095187759020323,-0.06796399,0.06761897,6.1538463,662,0.045213537155816615,0.14220182416717025,-0.8617368896445459,0.0650990069643005,0.3483734939759036,592,0.5380206065716272,0.46904858235570185,-0.340512721433228,0.5058212170573877,1.9779223558845591,710,0.9650306136863482,0.7264206049538245,0.0026713626074722,0.7850850418837487,5.264507640491832
1994,1376,0.004235755813953489,0.06571386194328453,-0.2481,0.0,0.4265,1415,205.6432108855124,196.05633316303903,10.26575,161.81438,1288.9961,1303,276.12995088257867,325.24557838629136,9.95,203.663,2290.418,1242,43.54846618357488,64.05900695399184,0.006,25.948,709.752,1242,4.8670611916264095,11.88395997100908,-53.024,3.182,53.711,1171,118.50304184457728,100.56219348644869,0.924,92.984,576.775,1303,0.4029916131946278,0.3440055039586234,0.0,0.38132688,1.5412409,1303,0.05478304778137376,0.07826229210938442,0.0,0.03018425,0.88148797,1215,0.05997688728790124,0.047722062496910266,-0.12462311,0.053523682,0.33266184,888,0.02307281079670049,0.2070190314996882,-1.3109086209124985,0.0442235832005825,0.7362555468988178,693,0.5528333977558866,0.4272353587329119,-0.3299706516471885,0.4927856186461957,2.0824164669175267,1171,0.8414172982897603,0.5359169003722675,0.0035449565888446,0.7557682162800764,3.517978683859721
1995,1522,0.015464323258869908,0.05211593643226929,-0.2038,0.0124,0.3333,1528,235.74852681544502,221.95653144777225,10.014313,192.1875,1477.7639,1494,335.12916331994643,318.41264026593103,13.266,272.211,2306.434,1467,52.70005930470347,60.49808759536969,1.966,40.628,520.69,1467,10.210042263122018,11.316684906052588,-33.601,6.881,52.929,1463,143.33433219412166,117.46529201526546,3.304,106.808,557.514,1494,0.3838615653470211,0.25882540468273674,0.0,0.409419,1.3895974,1494,0.035106673638530116,0.05123583170456519,0.0,0.0215368985,0.4703148,1458,0.06816365833957476,0.04868681410315098,-0.30531657,0.064263035,0.31468493,1248,-0.002166433775383304,0.4933063114038868,-4.432020916641034,0.055987009046171,0.9305503556720328,942,0.5050336984259645,0.38411034893713447,-0.629330799734691,0.48408486882422885,2.045309779723602,1463,0.8094243720663672,0.4671590849015363,0.0098162506397274,0.7606399699834009,3.645393172554348
1996,1505,0.02683362126245847,0.05470626798783657,-0.2281,0.0213,0.673,1511,330.442786641959,330.97235994359835,10.413,265.22226,3094.792,1501,416.902001332445,380.1201140582395,3.724,340.423,2679.076,1480,65.87351148648649,67.5923864522543,1.757,53.4,578.597,1480,13.930720270270271,18.176196533062548,-95.337,11.378,110.715,1462,185.64996306429546,164.3515281830422,1.328,153.9245,1204.498,1501,0.4068515560860759,0.24429898727743238,0.0,0.43239376,1.365441,1501,0.030866677762437043,0.06093488196558228,0.0,0.015527021,0.8276047,1474,0.07408898109647219,0.048407425279123714,-0.25173336,0.07204678,0.33325458,1426,0.033080618053563764,0.4016661010598802,-4.432020916641034,0.0692026951151038,0.9305503556720328,1361,0.3268993602331897,0.3079783695546677,-0.6611027338144292,0.3012338102783258,1.934168428644699,1462,0.7023360331057119,0.37989877637377106,0.0144581336187998,0.6666629828983541,3.799590268342391
1997,1473,0.016603937542430412,0.05790660054483545,-0.2517,0.0123,0.5152,1493,555.6064588111186,578.7923598199927,10.0625,397.575,4431.8926,1471,624.9837280761387,677.9746423797717,15.334,492.798,6046.434,1468,88.67469482288828,93.31577176621315,1.769,69.692,960.042,1468,22.240823569482288,26.968956342430754,-38.812,16.033,199.029,1432,282.6602269553073,260.8460198800757,0.103,229.947,1867.03,1471,0.43438812353161116,0.23170775629209334,0.0,0.41852805,1.7398998,1471,0.03229980197075935,0.06969504547657114,0.0,0.013038391,0.7705647,1465,0.06726161740035495,0.03333184044210227,-0.20953172,0.06370747,0.17480558,1348,0.11845609356689289,0.4956456145014002,-0.8676382448503202,0.0738245900523916,5.237084870848708,1307,0.28227331076796025,0.24926064359515576,-0.9529658197409604,0.2645466428784465,1.469984561098663,1432,0.6021273871855328,0.30682781256603286,0.000608621148812,0.5703885073075472,4.220819887907608
1998,1528,-0.0083907722513089,0.06969236516908431,-0.4129,-0.0076500000000000005,0.4762,1539,697.0036487699805,712.4965939066573,10.00125,489.027,4751.0356,1510,1015.8349119205297,1126.9218062154325,2.287,690.5885000000001,7956.808,1502,133.16186950732356,169.13377097649783,2.54,88.98,2277.0,1502,32.8140878828229,37.25592915358394,-52.401,23.6525,242.153,1495,435.40153244147155,449.6608485091684,0.247,322.091,2936.021,1510,0.4332640806072848,0.1868587903223426,0.0,0.42685217,1.1348228,1510,0.02731555423505828,0.08042017297155925,0.0,0.01150456,0.94887906,1502,0.06333958596363516,0.04533894513119484,-0.026246449,0.0607674995,1.4686795,1397,0.09886021185922927,0.45479808531335053,-2.6635802469135803,0.0769980686103191,5.237084870848708,1277,0.33238615515686726,0.2208150395659109,-0.2789802957889173,0.3020672758604101,1.5668704752476783,1495,0.7328690675289191,0.4920924575956371,0.0020705625426871,0.6598062125152753,6.255206064501517
1999,1497,-0.0016398129592518369,0.07398351767205152,-0.2951,-0.0071,0.4836,1499,686.9467628452302,747.8339620496532,10.10975,433.14963,4972.4414,1492,1487.3835998659515,1789.8996266919428,46.954,866.224,13454.759,1489,215.1743129617193,328.1326768242632,4.622,116.323,3564.0,1489,44.28870047011417,46.27810581000302,-46.966,29.602,256.949,1468,549.3515844686649,605.3465195338104,3.125,361.9045,3267.159,1492,0.4894572103237265,0.16072979796537634,0.0,0.46734953,1.0749373,1492,0.020560728436214478,0.05634442256919823,0.0,0.008920883,0.79493177,1489,0.06651683014197449,0.06791745816027561,-0.03996507,0.0619613,1.4686795,1424,0.049106686806584456,0.41577760420088944,-3.4247643430699406,0.0772219614834755,2.600877192982456,1367,0.3812449209728484,0.19803926153984358,-0.173100922258743,0.355729955569847,1.1821647759612823,1468,0.9194073498469815,0.49603950694244575,0.0086712926278577,0.8253346549431645,4.8882894384378845
2000,1399,0.014915296640457468,0.08860655754809309,-0.5889,0.0138,1.0,1399,714.5166038970693,826.6856883082346,10.045,417.50607,4453.0586,1397,1637.6466549749462,1930.6998828757273,29.906,938.505,14223.243,1397,242.76157766642805,287.53140633977165,5.967,139.623,2021.018,1397,53.87340372226199,60.48370304913578,-82.429,33.191,299.256,1382,565.3671628075253,619.7299224091479,4.071,349.084,2779.106,1397,0.5078260772763064,0.15783162971856188,0.034603633,0.49244648,1.0386323,1397,0.02117307129424982,0.04377945064455626,0.0,0.009389303,0.4708128,1397,0.06727785854695777,0.02308269567132014,0.0060842307,0.06468258,0.1945265,1365,0.10829594444837377,0.5053809869203688,-3.4247643430699406,0.090225928935359,5.097064110245655,1370,0.2560942691303335,0.2075665591899691,-0.7551886883449418,0.23258440223910531,2.8591813506976056,1382,1.0663074816832911,0.9505230981905267,0.0316369848993104,0.8511202507075801,10.758413415300684
2001,1317,0.019260516324981016,0.0882311725391653,-0.5539,0.0169,0.484,1318,808.40884688695,951.1592348414246,10.14,469.75595,5181.043,1318,1688.5014157814871,2008.8278840274224,17.366,938.689,13937.945,1318,272.7791198786039,343.5316329052459,3.164,154.245,2982.0,1318,53.28754628224583,80.62951550214012,-358.013,35.323,348.0,1297,558.4259853508096,607.9093837593488,8.735,335.912,2568.967,1318,0.5148580656874051,0.1604579445649022,0.0,0.4986226,1.031669,1318,0.018489958241204855,0.02941586452956692,0.0,0.009497999,0.22725195,1318,0.06709659096100151,0.02785265137297841,-0.029979741,0.06529516,0.27694464,1294,0.13524753049450616,0.35187007252865976,-0.5275079342064988,0.0986805311816593,5.097064110245655,1317,0.2259934190602311,0.22068953897530272,-0.0746165192011353,0.1795038371069618,2.409635170778992,1297,0.9327429523407618,0.7526027332583118,0.0249878479289909,0.7547098625349337,7.383374919294421
2002,1255,0.00486812749003984,0.06920477026442733,-0.4685,0.0062,0.5098,1260,927.7024898480158,1104.7659920397741,12.2508,535.54269,6514.401,1260,1805.2396634920633,2136.7783948061665,1.332,1051.34,14512.235,1260,316.8805674603175,470.75600546657483,3.133,166.837,3793.0,1260,41.73411111111111,86.41182667433296,-471.915,26.14,383.0,1231,589.8282030869212,625.5888834604565,10.842,345.08,2767.264,1260,0.5204925399224604,0.16539801094829476,0.0,0.5166202799999999,1.0228071,1260,0.023679659308507937,0.03432458066563376,0.0,0.013265220500000001,0.24317592,1260,0.06329836306350793,0.028508770128587962,-0.10071723,0.06266858,0.14430825,1205,0.08623344217942475,0.1848459905454032,-1.0512620881822652,0.0964282703323911,1.383756868131868,1229,0.2244592282653432,0.17847376676130192,-0.0657371770565246,0.1796585842771678,1.026710149548441,1231,0.8228087324029961,0.56691188466197,0.0816794506721369,0.6769818517878503,4.996887841669068
2003,1211,0.028469942196531792,0.06334161392370316,-0.5316,0.0264,0.5511,1216,1073.2490399185856,1262.6951727402666,10.045,648.86335,8925.44,1204,1994.2911860465117,2325.1271723313107,13.717,1231.751,14974.19,1195,344.23326025104603,484.7005453874776,2.941,186.727,3691.0,1195,40.245947280334725,90.30121489536718,-465.934,24.812,473.062,1172,628.2808882252559,638.0131716473534,0.65,387.09,2657.519,1204,0.5338159320328904,0.16918719750024175,0.0031708654,0.5364367,1.0644622,1204,0.02195864731728073,0.030199904978548003,0.0,0.0111599745,0.22110318,1195,0.0625374563852385,0.027802045133879624,-0.052117262,0.060694985,0.167299,1140,0.0668776550996646,0.2676713712855409,-1.4747870656516169,0.0849947861916401,2.4925785295132896,1135,0.21322142078491943,0.2034111470037355,-0.2765084716290056,0.1620339298037177,1.904923710632006,1172,0.7976537231885985,0.699951576958927,0.0016853581456733,0.6218205950629815,8.371952000672223
2004,1279,0.023488741204065678,0.0688371720665285,-0.2394,0.0284,0.3617,1295,1444.0499987891892,1738.5914431179433,10.182151,851.1012,14344.064,1289,2030.7173545384019,2349.829773267014,13.212,1350.264,16264.11,1275,352.36918274509804,477.5781753867244,1.865,186.907,3427.4,1275,40.82735921568628,86.06951333752342,-296.948,22.748,473.505,1268,643.8020567823344,651.8729479370834,0.069,435.1175,2961.677,1289,0.522289511815128,0.17211304514808243,0.0,0.5279109,1.0958014,1289,0.039227956673318076,0.0741162627054049,0.0,0.01634643,0.71646965,1275,0.05750321943225098,0.035470832516326024,-0.13638043,0.057401024,0.18945028,1174,0.07671242796234078,0.5103712121032604,-2.6154682615196414,0.0808249883878018,4.659192825112108,1166,0.22091665590894294,0.21967419777501346,-0.3444414977055909,0.1611206726980961,1.2216472695862926,1268,0.575416252158223,0.3764482341064414,0.0001474423128388,0.5032491375035788,2.6983770210273264
2005,1342,0.00851698956780924,0.05801442678863259,-0.2437,0.0069,0.3126,1349,1645.6233034962936,2146.273350615292,11.2665,965.5744,17515.45,1344,2145.6626837797617,2649.2925678038937,7.014,1362.573,22070.02,1324,363.0476064954683,501.48625619640575,2.323,205.662,3655.0,1324,46.784727341389726,84.92306586628236,-204.0,21.4595,408.651,1332,657.5583941441441,681.4268734131779,0.964,440.92,3570.858,1344,0.5139478529993303,0.17416878680253656,0.0019743927,0.52011764,1.2053419,1344,0.04036843920970982,0.05822599180055208,0.0,0.0198445705,0.45296133,1324,0.05841458076475075,0.03801882373248668,-0.0346339,0.05327486,0.24843718,1228,0.24450503453595648,2.0837969839568977,-2.6154682615196414,0.0804086602085649,27.15145228215768,1143,0.31219422719713646,0.2643411707064202,-0.6840046947110459,0.2548689409018468,1.4994801217577194,1332,0.5406146496729304,0.35404721814652224,0.0015911648862562,0.4778617677503679,3.4503899921531738
2006,1332,0.023965465465465467,0.05925869637848433,-0.2917,0.0194,0.3863,1337,2088.5834864913986,2904.3648803232836,10.081281,1193.2,22565.932,1331,2303.7143741547707,2771.9531211945637,30.58,1482.056,21339.885,1325,399.5084920754717,557.4714586579304,1.465,217.166,4047.0,1325,51.06447924528302,97.83291699366808,-262.906,20.793,862.706,1325,684.4097947169811,716.9258429778242,8.703,444.927,5101.0,1331,0.5138463469429001,0.18132805867831533,0.0,0.52281463,1.2151701,1331,0.03820523848262697,0.07435531252654584,0.0,0.020226695,0.88942933,1325,0.05709926018802264,0.05539529715254872,-0.068325065,0.052375548,0.8051711,1279,0.20372753179015118,1.709017953762895,-1.822136324041812,0.0804086602085649,27.15145228215768,1205,0.4594458048411727,0.29464248160119116,-0.8221413340774482,0.3881471620425528,1.8176712163143856,1325,0.4956571276305671,0.4232703882733686,0.0118434932911395,0.4266655126325873,4.126297356389478
2007,1120,-0.009037232142857144,0.07042436792287585,-0.243,-0.00715,0.3033,1121,2544.061630249777,3592.7225835589816,10.342401,1441.7643,25752.053,1118,2845.931188729875,3372.7365359131877,28.277,1819.416,23743.59,1118,470.6771386404293,684.6678208262281,1.207,252.3645,5258.0,1118,66.32598211091235,142.28813243927925,-163.893,29.673,1482.131,1112,873.2058705035971,1029.046487840133,10.891,550.251,5476.337,1118,0.5169868935644006,0.1803429902529848,0.0,0.52399745,1.002767,1118,0.043503623731046506,0.0972508791082617,0.0,0.016188749000000002,0.88942933,1118,0.05793687974214669,0.049947938404603494,-0.033623703,0.051153786,0.8085509,1093,0.10373879247169328,0.3191776458852499,-2.758553454491944,0.1028235132985897,2.5606272998072543,1078,0.5675626261384685,0.27602967525751304,-0.1583156660436072,0.5253903265949974,1.8120575850208167,1112,0.48430161660067217,0.3902242356043001,0.0124107312999401,0.4212420938714069,3.635301932358274
2008,1032,-0.027436046511627905,0.16779752306838536,-0.798,-0.0067,1.6424,1032,2136.279303881299,3087.9197379727248,11.56875,1175.53735,22444.035,1032,3330.231660852713,3670.9771192428925,3.876,2130.9759999999997,23669.762,1032,545.1412199612403,764.9163795243345,0.237,282.7925,5474.0,1032,77.37378779069768,152.18466541831188,-152.38,33.684,1098.134,1020,982.1585176470588,1103.9937792842293,3.243,630.3975,5468.031,1032,0.5320238618624031,0.18241863554477336,0.0,0.54647774,0.97820824,1032,0.03603238948852713,0.07497205562984968,0.0,0.014967123,0.9864898,1032,0.054596267641434104,0.03389678371678729,-0.13309024,0.052514921500000006,0.18150367,1015,0.0730143822769173,0.4280797425934116,-3.9778183880521776,0.1028235132985897,1.0183540556542332,1008,0.8165906920940492,0.3558680934239822,-0.2253958789661774,0.7587371240663463,2.3907287341717662,1020,0.7556570469580802,0.9558553229292606,0.0148745185713857,0.5406107401843193,12.55472411617222
2009,988,0.043309716599190286,0.21462104981107244,-0.6329,0.032100000000000004,2.3644,989,1620.055722277553,2461.850489200824,10.403,920.9567,22639.898,989,3468.0635834175937,3678.480464205654,30.19,2243.686,25010.318,989,563.4175581395349,739.0274131859578,0.0,327.63,5375.0,989,47.9395915065723,135.61549156137798,-459.064,29.305,953.369,961,1075.6527773152966,1167.2507479287249,1.281,769.926,5887.0,989,0.5390878851627907,0.18415437109192856,0.0,0.5569342,1.0482125,989,0.03357158816839231,0.06989450463988282,6.7815e-05,0.017269254,0.9962649,989,0.055473732982810914,0.03229884311507681,-0.04166943,0.0541979,0.16272804,977,0.07006332899533545,1.4396905810583849,-8.468307233407904,0.0855687546608461,15.635259589110412,984,1.190897048144501,0.5697896117113406,0.0612532885246854,1.0935015906348886,3.832909125720527,961,1.1091315361694984,1.2169296260338889,0.0296888584070876,0.7670517953831448,13.139899192529317
2010,1068,0.02595505617977528,0.10288264432350047,-0.4353,0.0241,1.0533,1077,2501.0136162414115,3692.8947521813116,13.25604,1427.8401,29145.596,1064,3723.484859962406,4536.226922079917,35.817,2369.15,29042.156,1064,597.3021109022557,880.0608333700696,0.0,325.297,5850.0,1064,2.7624257518796993,190.22761711090587,-1571.0,14.966,843.49,1016,1246.7426466535435,1369.4698899879031,1.285,821.135,6087.0,1064,0.5181817164396616,0.198795536363271,0.0,0.5227641,1.1826097,1064,0.04873028463165413,0.10078100397584076,0.00010514864,0.021034715500000002,0.99345326,1064,0.05153710002705827,0.03534065466931872,-0.09515132,0.047244925,0.22778521,1013,0.10124966086775873,1.1958206795579607,-6.001556420233463,0.0557719893200853,15.635259589110412,1032,1.2493916621099197,0.6418048775996199,0.0478834010092651,1.1306085166009612,3.5832703550813485,1016,0.6962542943206403,0.5281878874148864,0.0428306358804725,0.5884629383596882,3.7306528160031975
2011,1133,0.0029000882612533097,0.08725528885319443,-0.3327,0.0046,0.4221,1138,3192.93156456239,4965.660624561559,11.82609,1489.4159,37887.99,1128,3837.082340425532,4984.941013357713,0.83,2366.103,32367.379,1119,596.8292734584451,918.719327388627,0.0,311.117,6552.0,1119,27.93688203753351,243.8256262921932,-1655.316,14.181,1404.0,1076,1407.3794172862454,1799.382831048883,14.954,875.834,14364.446,1128,0.5100720976196809,0.21311537869950758,0.034453895,0.513162555,1.7722892,1128,0.03853836040017908,0.05348568809463484,0.0,0.019886307,0.42295894,1119,0.039045718978722076,0.11143971880865441,-1.1313252,0.04253613,0.23668732,1039,0.0007740403904678487,0.288133123183785,-2.483503880457415,0.0322370129392916,1.0093314061422585,1028,1.2403854736228543,0.646372431312166,0.0665519047995402,1.1112189584373429,3.4453641609246666,1076,0.6121786852541147,0.37494624796900616,0.0620069408182897,0.545744939610421,2.158816821616434
2012,1195,0.019995146443514647,0.056578470669128425,-0.177,0.0191,0.4726,1207,3956.2184014656173,6602.791609859752,12.451139,1651.8547,48908.617,1202,4276.011063227954,5653.198268640496,14.867,2509.952,32417.465,1199,647.726682235196,974.0438503486331,1.273,322.737,6471.0,1199,50.320135112593825,200.4689011038822,-1573.502,13.887,1501.122,1172,1607.093712457338,2209.7785198021325,0.164,901.023,13954.932,1202,0.5014457912612313,0.17396103680136982,0.044591237,0.49741341,1.338455,1202,0.03233640863357904,0.04434768310269061,0.0,0.017346322,0.34859362,1199,0.046553176151392824,0.06571580630604552,-1.1313252,0.04719773,0.16824113,1113,-0.008882788709350765,0.2625482193972664,-2.483503880457415,0.0328135997531352,0.6063699940621494,1094,1.1852274513318835,0.6282960509570432,0.0802840834434666,1.04869593615128,3.336169534275769,1172,0.5963844145242488,0.4220783175778132,0.0046305449801215,0.5160669854830786,3.930191800915088
2013,1369,0.008970051132213294,0.0856524133651537,-0.2459,0.0083,2.1883,1389,4209.329491653348,6852.647425872456,10.51575,1963.6455,55208.113,1383,4266.482084598699,5629.294220144809,14.612,2524.919,32586.605,1374,673.8897066957788,1035.2632831995963,1.273,345.7605,7401.0,1374,67.36388937409025,185.1390125406965,-730.222,19.303,1482.043,1336,1681.4138630239522,2236.234555542985,0.164,914.052,13699.426,1383,0.4839875088167028,0.17998529686020925,0.0,0.47842333,1.3296329,1383,0.05153378362032393,0.11461480586194368,6.884326e-06,0.021143682,0.99994,1374,0.059304814607976715,0.1056363769037466,-0.059452347,0.046817884000000004,1.2562945,1231,0.04935396429452697,0.2775120787991232,-1.56896718379972,0.0392986188507396,2.030350471017874,1209,1.1594188832423806,0.6379527067792375,-0.2206340925366863,0.9877912715574088,3.711224419497079,1336,0.5334713418575837,0.35168065897767126,0.0082366283066616,0.48841073923573536,6.701176118164086
2014,1521,0.017595529257067716,0.05763730351356742,-0.2576,0.0172,0.5924,1535,4767.774154848209,7547.605760110174,10.364901,2333.797,56596.51,1535,4657.441831270358,5917.077138155832,26.711,2609.239,33324.574,1532,717.9193753263708,1072.3534691280272,0.033,367.954,8529.0,1532,82.33409856396867,190.57980316608672,-639.045,30.367,1350.25,1496,1826.974112299465,2350.2217724852303,10.695,1035.445,13653.093,1535,0.4904199099420195,0.1579839990744925,0.0,0.489459,1.0856084,1535,0.03719947842957759,0.0602573719928526,5.4295742e-06,0.019101644,0.6207633,1532,0.049775822928276765,0.03408210120031747,-0.17980477,0.049597528,0.20361014,1362,0.06105020481062277,0.19935553544032364,-1.0889623144017575,0.0438572219147758,2.030350471017874,1260,0.9470857761769665,0.5486698961183781,-0.3928571866278042,0.8480229362091718,3.9026894200668143,1496,0.5170059688431465,0.3054510065370435,0.03571678071934,0.47242039898313193,3.0950612734353613
2015,1676,0.0009443914081145585,0.06315622353743129,-0.4123,-0.0009,0.4,1691,5111.921474497931,8148.983828412405,10.3821945,2505.6477,63420.414,1686,4938.94440569395,5998.562692916577,15.427,2946.7215,31602.396,1683,790.245980392157,1079.3020575215307,0.002,423.298,7403.0,1683,130.54015567439097,270.0524275033266,-977.185,51.919,1672.431,1659,1939.942508137432,2467.215039511528,0.823,1121.323,14632.516,1686,0.489518937210261,0.16580550044647452,0.0,0.50362617,1.3262141,1686,0.03797856821683452,0.052504422591767276,0.0,0.018868355,0.45735523,1683,0.05476179435458705,0.07632447125419213,-0.17447877,0.051614136,0.9439544,1526,0.03359806234868214,0.38135001405126795,-3.021191294387171,0.0447285281377314,2.7863308810132623,1421,0.7749603501003042,0.42108026941933835,-0.1936967413500077,0.7059851845310603,2.9384056451985594,1659,0.5352827400304441,0.32971766268229397,0.0007130026834659,0.4826145517771774,2.132150855951777
2016,1690,0.016726686390532545,0.0771678971437079,-0.503,0.0143,0.5716,1700,5618.733162729412,9049.166038391366,10.09125,2574.66785,72555.17,1695,5345.881381120944,6356.992522073588,11.46,3172.3,31419.354,1692,837.3569379432624,1103.056407838395,0.0,463.3315,7082.0,1692,154.93974527186762,284.0051585404265,-479.586,68.886,1840.471,1663,2096.696698135899,2583.0789870950375,1.525,1184.033,14633.956,1695,0.4991312524011799,0.17261967883297114,0.0,0.4945741,1.3914855,1695,0.03594629652211375,0.07019647627234653,0.0,0.017662035,0.81740415,1692,0.054210770961702126,0.05243346134250346,-0.14403653,0.05431712,0.9439544,1571,0.05409093707920856,0.3282263747502614,-3.021191294387171,0.0546290106539644,2.7863308810132623,1492,0.7185425090458951,0.39835883444578196,-0.0468899582508066,0.6704823854222824,3.090760629067141,1663,0.6349855820192956,0.8547356300604517,0.00427258945938,0.4895453642933216,10.44807084372748
2017,1741,0.006232222860425044,0.05784636321284687,-0.4007,0.0065,0.7939,1748,6036.888393379576,9333.761461157399,10.370701,2978.40515,63539.656,1733,5687.962581073284,6524.938128961411,21.048,3449.951,32138.21,1718,903.3938859138533,1186.843956656299,0.0,518.975,6806.0,1718,160.6032986030268,297.09127462515346,-399.888,72.168,1838.896,1697,2281.4014543311728,2689.8995619133498,3.189,1302.623,14912.831,1733,0.4910364982677438,0.17918618561790567,0.0,0.4757449,1.4103912,1733,0.03942080778798211,0.07019467569133635,0.0,0.018132465,0.7961746,1718,0.055328076315832364,0.035617950041309694,-0.19429873,0.056447172000000004,0.19471006,1637,0.09673237226240815,0.2768206911682126,-0.505384318025829,0.0624982646327527,3.433499020936888,1613,0.6421012895875788,0.4492838042556298,-0.5743471109472236,0.5977497157043484,3.049189471672477,1697,0.5798949766632412,0.4758714502113456,0.0100295746981316,0.5021264135123721,6.151567992764457
2018,1737,-0.006181865284974093,0.0756358883267085,-0.3681,-0.0016,0.5682,1743,6116.854823622491,9904.480781932585,13.39186,2768.04,72455.875,1735,6154.9056259366,7006.798851637059,22.124,3610.032,34372.7,1713,973.5674746059544,1289.1811750181912,0.241,562.693,7625.0,1713,168.65355399883245,321.3941269978915,-487.506,78.742,2255.894,1704,2493.2720627934273,2919.782329461413,2.027,1370.227,15611.127,1735,0.491086881906513,0.1715929792508371,0.0,0.47744843,1.3306675,1735,0.03785828749182334,0.06263189247989182,5.2798505e-06,0.019196568,0.5746538,1713,0.0556444927367659,0.04342091493249842,-0.60771567,0.05674448,0.18594119,1635,0.09110749069003862,0.35693520172572596,-2.125732421875,0.053031393843185,3.5293720459149225,1626,0.651816562451586,0.46380279846891465,-0.6578928711691224,0.6041255648333519,3.2536722726203857,1704,0.6502114749484385,0.4704139120725237,0.0021805452040251,0.548882741400611,4.690188299819188
2019,1717,0.022887186953989516,0.08078421672925977,-0.5158,0.0173,0.908,1719,7167.021298593369,12355.62628392487,12.99679,2728.2917,101901.664,1719,6463.968839441536,7510.366951983611,32.706,3670.38,39072.7,1704,1034.359126173709,1369.9995538369824,0.241,585.167,7663.0,1713,208.65353415061296,474.7998746779743,-915.122,75.894,4090.541,1666,2595.8186830732293,3182.7084706073388,0.608,1500.85,22265.535,1719,0.5030764975072717,0.17994446625756572,0.0,0.47516125,1.3779634,1719,0.03830306384487842,0.07228141995364766,2.0451922e-05,0.017655557,0.61119914,1713,0.05730590770350263,0.03209145999526868,-0.20409451,0.05533549,0.1909485,1650,-0.04026504477608576,1.7940169315484116,-27.13815789473684,0.0521202715884527,3.5293720459149225,1633,0.73937702783614,0.5002583006887354,-0.0908077354767853,0.6679228027774742,3.709311068877302,1666,0.6238494001085219,0.49118811144677343,0.0248425670345642,0.4954814456026433,4.943601521982229
2020,1674,0.0028249103942652332,0.16115461323569596,-0.769,-0.0001,1.0543,1679,7132.219491087254,14132.552950627036,10.064965,2466.5688,115944.24,1679,7121.754421679571,8480.371049865977,24.918,4030.596,55221.855,1671,1057.5022489527228,1394.6213196164501,0.502,594.091,7783.4,1674,173.15527120669057,386.1593864785344,-1511.855,72.616,2304.186,1633,2779.3066399265153,3610.5902566720106,14.847,1629.915,32190.494,1679,0.508017196194461,0.18064348342637004,0.0,0.4819922,1.3845533,1679,0.04855850024570518,0.06737242705239795,3.9656545e-05,0.027750717,0.5104694,1674,0.05593628366648746,0.028608611513784177,-0.04378361,0.055124603,0.18192364,1627,-0.07662114670879178,1.9123546142836463,-27.13815789473684,0.0521202715884527,1.6124752304643752,1631,0.8691532518746475,0.5080004793828201,-0.4671878931533009,0.8217958410181303,3.471380102863334,1633,0.9124028103502112,1.1020398538760785,0.0188604299295629,0.5783809668381839,15.469787057774443
2021,1710,0.02986292397660819,0.09460819060987292,-0.6447,0.02475,1.1659,1715,8982.245388862973,17003.760566004315,12.19477,3178.127,133208.6,1715,7242.482855976676,9213.213021325535,19.942,3964.679,58982.9,1712,981.4812897196263,1432.270411868997,0.143,483.617,9823.0,1712,141.26115887850466,383.23502946979653,-1626.749,47.098,2284.0,1664,2892.872623798077,4030.5864322265734,0.55,1552.185,32041.766,1715,0.5063772783565481,0.18707260037510476,0.0006709724,0.4772184,1.4660591,1715,0.04552065633112029,0.059045017527729025,7.2087496e-06,0.027485974,0.42151973,1712,0.04700445046035047,0.036585084302481266,-0.066371836,0.04898441,0.21942018,1656,-0.03247691191141495,0.9019840668215456,-12.684086199751349,0.04123089247773685,1.916588258925268,1639,0.9355972255389867,0.5683314404962045,-0.4245397946477434,0.8698405686688345,2.8905165173879213,1664,0.6671700591671162,0.8117409818527922,0.002583088611333,0.49214962346062424,12.688258006865114
2022,1564,-0.01828331202046036,0.10534053348016584,-0.5981,-0.0283,0.8973,1566,9482.672390853768,17404.962492698443,11.058181,2838.7523,123592.45,1566,8195.93540357599,10928.83076068527,52.409,4203.054,69887.9,1564,1166.8596163682864,1727.2132580493428,3.853,568.7475,10807.0,1564,263.29433695652176,541.2457960223422,-668.637,78.659,3734.378,1515,3423.730427722772,4866.827564120391,1.932,1675.977,34511.82,1566,0.4942321393927203,0.18374065716238464,0.0,0.45628724,1.4816353,1566,0.041473882315657726,0.056376604311299275,8.274679e-05,0.022134183,0.5864819,1564,0.05399043897212276,0.034112478208438116,-0.08184171,0.05127634,0.21990038,1515,0.47845920580225404,6.73686906239603,-12.684086199751349,0.0431377009827049,98.1997057741817,1482,0.9206036425765426,0.5103058351475969,-0.2291337998640757,0.8408152873206564,2.774858273275753,1515,0.7214837715315882,0.8126632945183705,0.0022126849177527,0.565916923269801,12.006522260747298
2023,1463,0.009436226930963772,0.10001009333457873,-0.3515,0.001,0.586,1465,8983.24892701843,17007.798354094906,10.00458,2312.3506,123165.336,1465,9213.424324232083,13016.648182661962,62.045,4184.768,92392.04,1465,1359.5234232081912,1917.3407665449913,5.009,703.306,10818.0,1465,283.31119795221844,626.6396302350108,-737.918,85.499,4556.497,1421,3904.646827586207,6362.04426609495,6.679,1795.76,53401.684,1465,0.5038274321672355,0.18268438830909553,0.124707185,0.46423498,1.4707606,1465,0.03337361847174198,0.041043280478762385,1.3875684e-05,0.018640196,0.38696817,1465,0.05803727731880546,0.029562754931909234,-0.008252826,0.05510596,0.18465836,1428,0.4416190305022841,5.820717735023546,-1.570352272469138,0.0455591580027026,98.1997057741817,1402,0.9707308518450262,0.4741638589837232,-0.1963025141051964,0.8663524735791877,2.8444593999165075,1421,1.006988230526568,1.5532603503082196,0.0118643479825517,0.6910910914988013,19.217516621006517
2024,1427,0.007541555711282412,0.08661495642925335,-0.4504,0.0063,0.8781,1432,10146.850330410964,18845.4647503226,10.24947,2778.8158,123258.9,1430,9761.993466433567,14327.591533106466,66.002,4219.335499999999,93537.42,1430,1464.5220804195803,2012.574844048438,5.955,733.258,11144.2,1430,233.28857762237763,560.2102134346763,-1743.493,54.255,3180.306,1397,4163.532364352183,7181.707581198119,0.279,1765.496,53571.883,1430,0.5049232186713287,0.189750815367616,0.0,0.47116999000000004,1.4610326,1430,0.03869993863508951,0.048600339608252836,8.5881176e-05,0.025326904,0.39394805,1430,0.05687931950815944,0.028011898334811377,-0.017746683,0.053958977000000005,0.16390263,1396,0.052779572880539846,0.27407035243150846,-2.150145772594752,0.0425743188729597,1.3538876527142198,1381,0.9916254779548279,0.47667597639237075,-0.2170975828809372,0.9195734463369084,2.8814245235099887,1397,0.9252559618083219,1.3067994874599167,0.0027077407997143,0.6551005572873267,20.17036787686869
