date,observed,trend,seasonal,residual
1986-12-01,-0.007553333333333332,-0.01069601072656686,0.011482169791540464,-0.008339492398306936
1987-01-01,0.0628909090909091,-0.009315305184599365,0.009996764217142393,0.06220945005836606
1987-02-01,0.0030647058823529407,-0.007934599642631872,-0.009712528171806019,0.020711833696790832
1987-03-01,0.02297714285714286,-0.006553894100664377,0.009321506428702553,0.020209530529104684
1987-04-01,-0.01909142857142857,-0.0051731885586968835,0.012859181396371962,-0.02677742140910365
1987-05-01,-0.005727027027027028,-0.0037924830167293897,-0.0024637655310068827,0.0005292215207092442
1987-06-01,0.022797500000000002,-0.0024763312954857062,0.0010686792408162449,0.024205152054669464
1987-07-01,0.0222425,-0.0016848048467882036,0.009111326770543451,0.01481597807624475
1987-08-01,0.0017575000000000008,0.0006911870169552083,-0.009568121956051067,0.01063443493909586
1987-09-01,-0.010315000000000001,0.0033166869092198063,-0.009994478041638992,-0.0036372088675808156
1987-10-01,-0.1595361111111111,0.004655316335349232,-0.019142422358386875,-0.14504900508807347
1987-11-01,0.029581578947368424,0.005042944292977188,-0.0029583117862272286,0.027496946440618463
1987-12-01,0.006836842105263158,0.005450376789998502,0.011482169791540464,-0.010095704476275807
1988-01-01,0.06749736842105264,0.00636492041256844,0.009996764217142393,0.051135683791341806
1988-02-01,0.05548205128205129,0.005551744736892765,-0.009712528171806019,0.05964283471696454
1988-03-01,0.033571794871794874,0.005480566008822589,0.009321506428702553,0.018769722434269734
1988-04-01,0.0024410256410256417,0.01273860825653589,0.012859181396371962,-0.02315676401188221
1988-05-01,-0.017956410256410257,0.017054021455666195,-0.0024637655310068827,-0.032546666181069564
1988-06-01,0.04480526315789474,0.014114199424627062,0.0010686792408162449,0.02962238449245143
1988-07-01,0.022183783783783783,0.010981122563266336,0.009111326770543451,0.002091334449973996
1988-08-01,-0.0177,0.005001891152872778,-0.009568121956051067,-0.013133769196821712
1988-09-01,0.007434210526315789,0.0006749760887702157,-0.009994478041638992,0.016753712479184564
1988-10-01,-0.003092307692307692,0.0019262008125559152,-0.019142422358386875,0.014123913853523268
1988-11-01,-0.023292307692307692,0.0054618011877904365,-0.0029583117862272286,-0.0257957970938709
1988-12-01,-0.010844999999999999,0.00546725052449593,0.011482169791540464,-0.027794420316036392
1989-01-01,0.009985365853658536,0.004087571243011263,0.009996764217142393,-0.00409896960649512
1989-02-01,-0.0305075,0.004812859321787714,-0.009712528171806019,-0.025607831149981698
1989-03-01,0.015715384615384614,0.004805329232028432,0.009321506428702553,0.001588548954653629
1989-04-01,0.05032682926829268,0.0021342034356501885,0.012859181396371962,0.03533344443627053
1989-05-01,0.01901219512195122,-0.00029735305695281593,-0.0024637655310068827,0.021773313709910917
1989-06-01,0.007967441860465116,-0.0007436160300907896,0.0010686792408162449,0.007642378649739661
1989-07-01,0.025909302325581397,-0.0018874291834008934,0.009111326770543451,0.01868540473843884
1989-08-01,-0.004018604651162793,-0.0021826451386854464,-0.009568121956051067,0.00773216244357372
1989-09-01,-0.006427906976744187,-0.0026905520615390175,-0.009994478041638992,0.0062571231264338225
1989-10-01,-0.05333720930232558,-0.004391219703517632,-0.019142422358386875,-0.029803567240421068
1989-11-01,-0.0314047619047619,-0.005970722703904779,-0.0029583117862272286,-0.022475727414629894
1989-12-01,-0.013442857142857142,-0.007907815713092762,0.011482169791540464,-0.017017211221304843
1990-01-01,-0.01486829268292683,-0.010848573694528912,0.009996764217142393,-0.01401648320554031
1990-02-01,-0.012739024390243905,-0.014592216312054639,-0.009712528171806019,0.011565720093616753
1990-03-01,-0.014242857142857142,-0.01899768573496592,0.009321506428702553,-0.004566677836593773
1990-04-01,0.039469047619047626,-0.02134364679909559,0.012859181396371962,0.047953513021771255
1990-05-01,-0.008038095238095237,-0.01765504296194524,-0.0024637655310068827,0.012080713254856887
1990-06-01,-0.0114725,-0.014046696222348502,0.0010686792408162449,0.0015055169815322567
1990-07-01,-0.025228947368421052,-0.009519505455797982,0.009111326770543451,-0.024820768683166523
1990-08-01,-0.04272777777777778,-0.00045919736024598035,-0.009568121956051067,-0.03270045846148073
1990-09-01,-0.07345,0.007647557186800607,-0.009994478041638992,-0.07110307914516162
1990-10-01,-0.04261818181818182,0.010651948373099688,-0.019142422358386875,-0.03412770783289463
1990-11-01,0.046402702702702706,0.011339886332836425,-0.0029583117862272286,0.03802112815609351
1990-12-01,-0.004649999999999999,0.012254867943366816,0.011482169791540464,-0.028387037734907278
1991-01-01,0.08499142857142856,0.013812151319490056,0.009996764217142393,0.06118251303479612
1991-02-01,0.10484864864864865,0.01719235797603657,-0.009712528171806019,0.09736881884441809
1991-03-01,0.06273157894736842,0.022825955859634452,0.009321506428702553,0.030584116659031407
1991-04-01,0.0346,0.029340395284943446,0.012859181396371962,-0.007599576681315409
1991-05-01,0.013341463414634144,0.028899685792337555,-0.0024637655310068827,-0.013094456846696528
1991-06-01,-0.0108925,0.02709642942631523,0.0010686792408162449,-0.039057608667131476
1991-07-01,0.011565853658536587,0.027125651576713854,0.009111326770543451,-0.02467112468872072
1991-08-01,0.0016023809523809517,0.022281772982136735,-0.009568121956051067,-0.011111270073704715
1991-09-01,0.017426190476190477,0.01760568859393612,-0.009994478041638992,0.009814979923893349
1991-10-01,0.022852173913043478,0.0148255919402649,-0.019142422358386875,0.027169004331165453
1991-11-01,-0.02964468085106383,0.013717768618976132,-0.0029583117862272286,-0.040404137683812735
1991-12-01,0.028119230769230768,0.014491633628646526,0.011482169791540464,0.0021454273490437784
1992-01-01,0.05292352941176471,0.015563497098002376,0.009996764217142393,0.027363268096619944
1992-02-01,0.02066346153846154,0.016723474502034662,-0.009712528171806019,0.013652515208232897
1992-03-01,0.03469074074074074,0.01726755646174162,0.009321506428702553,0.008101677850296564
1992-04-01,-0.004081481481481481,0.016096422689113283,0.012859181396371962,-0.033037085566966724
1992-05-01,0.025435185185185186,0.015944427785889767,-0.0024637655310068827,0.011954522930302301
1992-06-01,-0.004413461538461538,0.01684492730853025,0.0010686792408162449,-0.02232706808780803
1992-07-01,0.030811538461538463,0.01740234979494136,0.009111326770543451,0.0042978618960536515
1992-08-01,0.010196153846153846,0.018774354102832874,-0.009568121956051067,0.000989921699372039
1992-09-01,0.021890384615384617,0.022198611072494177,-0.009994478041638992,0.009686251584529432
1992-10-01,-0.009719230769230768,0.025628122503611635,-0.019142422358386875,-0.016204930914455525
1992-11-01,-0.0007211538461538458,0.02457955716567483,-0.0029583117862272286,-0.02234239922560145
1992-12-01,0.02080769230769231,0.02401811118996275,0.011482169791540464,-0.014692588673810904
1993-01-01,0.07361320754716981,0.02501610265115986,0.009996764217142393,0.038600340678867556
1993-02-01,0.03290188679245283,0.026624508348558087,-0.009712528171806019,0.015989906615700763
1993-03-01,0.1046344827586207,0.029650863417030698,0.009321506428702553,0.06566211291288744
1993-04-01,0.00828305084745763,0.03169951954431182,0.012859181396371962,-0.03627565009322615
1993-05-01,-0.01209491525423729,0.03085325391620608,-0.0024637655310068827,-0.040484403639436485
1993-06-01,0.019641935483870967,0.02896039427100631,0.0010686792408162449,-0.01038713802795159
1993-07-01,0.03070793650793651,0.027124589233194083,0.009111326770543451,-0.005527979495801024
1993-08-01,0.04890149253731343,0.025410713385579525,-0.009568121956051067,0.03305890110778497
1993-09-01,0.05581756756756756,0.019903336261739662,-0.009994478041638992,0.04590870934746689
1993-10-01,0.005521333333333333,0.01496354432953287,-0.019142422358386875,0.009700211362187338
1993-11-01,-0.03627209302325582,0.01659867122903124,-0.0029583117862272286,-0.04991245246605983
1993-12-01,0.01093,0.017043727483405685,0.011482169791540464,-0.01759589727494615
1994-01-01,0.03943157894736842,0.014618104753354884,0.009996764217142393,0.014816709976871144
1994-02-01,0.02595049504950495,0.011480554674879156,-0.009712528171806019,0.02418246854643181
1994-03-01,-0.020591176470588234,0.007068334185156479,0.009321506428702553,-0.03698101708444727
1994-04-01,0.014953703703703703,0.0028963424231469997,0.012859181396371962,-0.0008018201158152584
1994-05-01,0.02047747747747748,0.0016859277264375764,-0.0024637655310068827,0.021255315282046786
1994-06-01,-0.0022491071428571425,0.0035342308996718307,0.0010686792408162449,-0.006852017283345218
1994-07-01,-0.005615966386554622,0.003392653013423952,0.009111326770543451,-0.018119946170522025
1994-08-01,0.009924193548387096,0.001806034338823047,-0.009568121956051067,0.017686281165615117
1994-09-01,-0.011098425196850394,0.003041718376529474,-0.009994478041638992,-0.004145665531740877
1994-10-01,-0.02769047619047619,0.003710635655794824,-0.019142422358386875,-0.012258689487884139
1994-11-01,-0.032110236220472446,0.00406450690415532,-0.0029583117862272286,-0.03321643133840054
1994-12-01,0.051127419354838714,0.005748907598613838,0.011482169791540464,0.03389634196468441
1995-01-01,-0.004163709677419355,0.0076417108591897214,0.009996764217142393,-0.02180218475375147
1995-02-01,0.031466935483870966,0.008659748453660614,-0.009712528171806019,0.03251971520201637
1995-03-01,0.0035488000000000004,0.010115934643955111,0.009321506428702553,-0.015888641072657663
1995-04-01,0.00686774193548387,0.012120833958866328,0.012859181396371962,-0.01811227341975442
1995-05-01,0.03705634920634921,0.014327572298986605,-0.0024637655310068827,0.025192542438369492
1995-06-01,0.02159763779527559,0.0156581773944862,0.0010686792408162449,0.004870781159973147
1995-07-01,0.015964566929133856,0.016986853573947733,0.009111326770543451,-0.010133613415357328
1995-08-01,0.0127765625,0.017520639111678317,-0.009568121956051067,0.00482404534437275
1995-09-01,0.020997674418604652,0.017142112226864292,-0.009994478041638992,0.013850040233379352
1995-10-01,-0.011668992248062015,0.017573404504322807,-0.019142422358386875,-0.010099974393997947
1995-11-01,0.00483,0.016763690182606216,-0.0029583117862272286,-0.008975378396378986
1995-12-01,0.04612170542635659,0.015922885189984325,0.011482169791540464,0.018716650444831798
1996-01-01,0.03273023255813953,0.015240361337219954,0.009996764217142393,0.007493107003777186
1996-02-01,0.007383846153846154,0.01599174761100604,-0.009712528171806019,0.0011046267146461314
1996-03-01,0.01854724409448819,0.01719927926945216,0.009321506428702553,-0.007973541603666524
1996-04-01,0.0022203125,0.01891140385114403,0.012859181396371962,-0.02955027274751599
1996-05-01,0.02227063492063492,0.021940556670223117,-0.0024637655310068827,0.002793843781418686
1996-06-01,0.016204032258064518,0.025159168124452798,0.0010686792408162449,-0.010023815107204525
1996-07-01,0.0049775999999999996,0.026474394131184235,0.009111326770543451,-0.030608120901727688
1996-08-01,0.041796799999999995,0.02536179186989869,-0.009568121956051067,0.026003130086152373
1996-09-01,0.020958196721311478,0.024099315359762452,-0.009994478041638992,0.0068533594031880175
1996-10-01,0.029461475409836065,0.0224067037536913,-0.019142422358386875,0.02619719401453164
1996-11-01,0.0363992,0.021821737137576503,-0.0029583117862272286,0.017535774648650724
1996-12-01,0.09179918032786885,0.023377275253764568,0.011482169791540464,0.05693973528256382
1997-01-01,0.01861818181818182,0.025611774219595904,0.009996764217142393,-0.01699035661855648
1997-02-01,-0.005206557377049181,0.025280104242628016,-0.009712528171806019,-0.020774133447871178
1997-03-01,0.0008382113821138211,0.025921607882677375,0.009321506428702553,-0.03440490292926611
1997-04-01,-0.020693333333333334,0.02593838283420214,0.012859181396371962,-0.059490897563907436
1997-05-01,0.031145081967213117,0.02276786807795241,-0.0024637655310068827,0.01084097942026759
1997-06-01,0.0446625,0.019100862177631205,0.0010686792408162449,0.02449295858155255
1997-07-01,0.03014710743801653,0.016136889708490514,0.009111326770543451,0.004898890958982563
1997-08-01,0.008667213114754097,0.015546533668116574,-0.009568121956051067,0.00268880140268859
1997-09-01,0.06948387096774193,0.016467675849301124,-0.009994478041638992,0.0630106731600798
1997-10-01,-0.0186616,0.01745526105880707,-0.019142422358386875,-0.016974438700420195
1997-11-01,0.008429921259842519,0.015740943908196692,-0.0029583117862272286,-0.004352710862126944
1997-12-01,0.03176031746031746,0.01183121890291911,0.011482169791540464,0.008446928765857885
1998-01-01,0.00752170542635659,0.006433147989327214,0.009996764217142393,-0.008908206780113018
1998-02-01,-0.008278625954198473,-0.0008960891203190699,-0.009712528171806019,0.0023299913379266155
1998-03-01,0.026017692307692308,-0.004979847253386033,0.009321506428702553,0.021676033132375788
1998-04-01,-0.02217076923076923,-0.00536392787523526,0.012859181396371962,-0.029666022751905934
1998-05-01,-0.00852109375,-0.005822281756609845,-0.0024637655310068827,-0.0002350464623832719
1998-06-01,-0.00950472440944882,-0.007171511280002754,0.0010686792408162449,-0.0034018923702623105
1998-07-01,-0.04523937007874016,-0.009465875287516289,0.009111326770543451,-0.044884821561767325
1998-08-01,-0.091848,-0.011408490578022878,-0.009568121956051067,-0.07087138746592606
1998-09-01,0.0719888888888889,-0.013929291519835121,-0.009994478041638992,0.09591265845036301
1998-10-01,-0.030384552845528455,-0.011015459400254815,-0.019142422358386875,-0.00022667108688676635
1998-11-01,0.009152380952380952,-0.0044234037420603466,-0.0029583117862272286,0.016534096480668527
1998-12-01,-0.001343650793650794,-0.001425499388386435,0.011482169791540464,-0.011400321196804822
1999-01-01,-0.0144390625,8.54394948579969e-05,0.009996764217142393,-0.02452126621200039
1999-02-01,-0.032940625,0.0034222742696442127,-0.009712528171806019,-0.026650371097838195
1999-03-01,-0.00981953125,0.002412102824005024,0.009321506428702553,-0.021553140502707575
1999-04-01,0.0835984251968504,-0.0008370662285053919,0.012859181396371962,0.07157631002898383
1999-05-01,0.04391904761904762,-0.0013665353535537866,-0.0024637655310068827,0.04774934850360829
1999-06-01,0.010004838709677421,-0.0020175935546119877,0.0010686792408162449,0.010953753023473164
1999-07-01,-0.0284864,-0.0009908832784876484,0.009111326770543451,-0.0366068434920558
1999-08-01,-0.02851693548387097,0.0006191859835921848,-0.009568121956051067,-0.01956799951141209
1999-09-01,-0.015586290322580645,0.002666965603252547,-0.009994478041638992,-0.008258777884194199
1999-10-01,-0.020789430894308944,0.002684336618772436,-0.019142422358386875,-0.004331345154694504
1999-11-01,-0.01315,0.00014362259037892624,-0.0029583117862272286,-0.010335310804151697
1999-12-01,0.005333333333333332,-0.00031306648930588626,0.011482169791540464,-0.005835769968901245
2000-01-01,0.0035250000000000004,0.0041874742162567365,0.009996764217142393,-0.010659238433399129
2000-02-01,-0.012263025210084034,0.008073217051678745,-0.009712528171806019,-0.01062371408995676
2000-03-01,0.018649579831932772,0.010382570421144596,0.009321506428702553,-0.0010544970179143763
2000-04-01,0.05554621848739496,0.01168247254787172,0.012859181396371962,0.03100456454315128
2000-05-01,0.010994117647058824,0.010923537818855156,-0.0024637655310068827,0.002534345359210551
2000-06-01,0.031969230769230764,0.012847655686723025,0.0010686792408162449,0.018052895841691494
2000-07-01,0.05756218487394958,0.01766778519122753,0.009111326770543451,0.030783072912178605
2000-08-01,-0.021307692307692305,0.020808741759665714,-0.009568121956051067,-0.032548312111306946
2000-09-01,0.032628947368421056,0.020892893387659255,-0.009994478041638992,0.021730532022400793
2000-10-01,-0.03780701754385964,0.0190306059952248,-0.019142422358386875,-0.03769520118069757
2000-11-01,-0.014346846846846848,0.018407053004208578,-0.0029583117862272286,-0.029795588064828196
2000-12-01,0.05270900900900901,0.020703595034482228,0.011482169791540464,0.020523244182986317
2001-01-01,0.07183243243243242,0.019019586161962324,0.009996764217142393,0.04281608205332771
2001-02-01,-0.0051875,0.017836026735829368,-0.009712528171806019,-0.01331099856402335
2001-03-01,0.013593693693693695,0.016526331336266752,0.009321506428702553,-0.01225414407127561
2001-04-01,0.01590720720720721,0.014948632389655459,0.012859181396371962,-0.011900606578820212
2001-05-01,0.03566785714285715,0.018739274949460434,-0.0024637655310068827,0.019392347724403597
2001-06-01,0.062412499999999996,0.02012160287374591,0.0010686792408162449,0.04122221788543784
2001-07-01,-0.013297297297297297,0.016829399956542996,0.009111326770543451,-0.03923802402438374
2001-08-01,0.021146363636363633,0.01499075007039311,-0.009568121956051067,0.015723735522021588
2001-09-01,-0.04125779816513761,0.017636565717771256,-0.009994478041638992,-0.04889988584126987
2001-10-01,-0.001785046728971963,0.02023042560057228,-0.019142422358386875,-0.002873049971157369
2001-11-01,0.04060660377358491,0.01931410399350431,-0.0029583117862272286,0.024250811566307828
2001-12-01,0.030931428571428568,0.0166157618842247,0.011482169791540464,0.002833496895663404
2002-01-01,0.014597142857142857,0.01380410890225922,0.009996764217142393,-0.009203730262258755
2002-02-01,0.007920192307692307,0.010935171919572238,-0.009712528171806019,0.0066975485599260875
2002-03-01,0.06398557692307692,0.010263503629310387,0.009321506428702553,0.04440056686506398
2002-04-01,0.027767961165048545,0.009288739342366095,0.012859181396371962,0.005620040426310488
2002-05-01,0.0018153846153846154,0.007303793513126265,-0.0024637655310068827,-0.0030246433667347667
2002-06-01,0.0315047619047619,0.0059493913717665785,0.0010686792408162449,0.02448669129217908
2002-07-01,-0.04986923076923077,0.0034499205994833033,0.009111326770543451,-0.06243047813925753
2002-08-01,-0.011136190476190477,0.0013952375082346175,-0.009568121956051067,-0.0029633060283740277
2002-09-01,-0.025095283018867924,-0.001233115912684395,-0.009994478041638992,-0.013867689064544539
2002-10-01,-0.04134190476190477,-0.0018804872387468623,-0.019142422358386875,-0.02031899516477103
2002-11-01,0.032524761904761904,0.002625215104576841,-0.0029583117862272286,0.03285785858641229
2002-12-01,0.006507619047619048,0.005425702048875667,0.011482169791540464,-0.010400252792797084
2003-01-01,-0.02096634615384615,0.00943020343308002,0.009996764217142393,-0.04039331380406856
2003-02-01,-0.005828712871287127,0.01455097387276135,-0.009712528171806019,-0.010667158572242458
2003-03-01,0.014654,0.017780930596156853,0.009321506428702553,-0.012448437024859406
2003-04-01,0.06156262626262627,0.02276769250532304,0.012859181396371962,0.02593575236093127
2003-05-01,0.07615757575757576,0.025841558039985748,-0.0024637655310068827,0.05277978324859689
2003-06-01,0.024374257425742576,0.02753109455970915,0.0010686792408162449,-0.004225516374782818
2003-07-01,0.05336930693069307,0.03173452763357972,0.009111326770543451,0.012523452526569896
2003-08-01,0.008523762376237623,0.03555128222971241,-0.009568121956051067,-0.017459397897423724
2003-09-01,0.03276372549019608,0.03763300256149834,-0.009994478041638992,0.005125200970336731
2003-10-01,0.02048137254901961,0.031126159006904783,-0.019142422358386875,0.008497635900501701
2003-11-01,0.044474257425742576,0.022271929359237636,-0.0029583117862272286,0.025160639852732168
2003-12-01,0.035107,0.021787611905170798,0.011482169791540464,0.0018372183032887377
2004-01-01,0.05131666666666667,0.020445378954693217,0.009996764217142393,0.02087452349483106
2004-02-01,0.013490384615384616,0.020746387655537088,-0.009712528171806019,0.0024565251316535468
2004-03-01,0.045296190476190476,0.021918625689690115,0.009321506428702553,0.014056058357797808
2004-04-01,-0.12524380952380954,0.02170532145876783,0.012859181396371962,-0.15980831237894932
2004-05-01,0.0504625,0.0226116654160348,-0.0024637655310068827,0.030314600114972085
2004-06-01,0.03844571428571429,0.023036207617890124,0.0010686792408162449,0.014340827427007923
2004-07-01,0.007084259259259259,0.018784217042493296,0.009111326770543451,-0.02081128455377749
2004-08-01,0.062033018867924526,0.014369153893836398,-0.009568121956051067,0.0572319869301392
2004-09-01,0.007388181818181818,0.011968936372056375,-0.009994478041638992,0.005413723487764435
2004-10-01,0.04073761467889909,0.015765120608240615,-0.019142422358386875,0.044114916429045345
2004-11-01,0.045970270270270265,0.02124479638385389,-0.0029583117862272286,0.027683785672643603
2004-12-01,0.0438,0.021314004353999362,0.011482169791540464,0.011003825854460173
2005-01-01,-0.05942410714285714,0.024435423146105834,0.009996764217142393,-0.09385629450610537
2005-02-01,0.01826964285714286,0.022715681527198373,-0.009712528171806019,0.005266489501750505
2005-03-01,-0.01708828828828829,0.01861830497918705,0.009321506428702553,-0.045028099696177895
2005-04-01,0.02824909090909091,0.015850637863237253,0.012859181396371962,-0.00046072835051830414
2005-05-01,0.02848181818181818,0.012598635216545672,-0.0024637655310068827,0.018346948496279394
2005-06-01,0.06208738738738739,0.010246833895233844,0.0010686792408162449,0.0507718742513373
2005-07-01,0.05835663716814159,0.013651525675153774,0.009111326770543451,0.03559378472244436
2005-08-01,-0.030513157894736843,0.01865949561036237,-0.009568121956051067,-0.03960453154904814
2005-09-01,0.0015973214285714286,0.02162443916999343,-0.009994478041638992,-0.010032639699783012
2005-10-01,-0.019895535714285713,0.021875845785939516,-0.019142422358386875,-0.022628959141838358
2005-11-01,0.028555357142857143,0.01692087997153088,-0.0029583117862272286,0.014592788957553492
2005-12-01,0.004771681415929203,0.014009073102312508,0.011482169791540464,-0.020719561477923767
2006-01-01,0.061316814159292035,0.01164560310576729,0.009996764217142393,0.039674446836382354
2006-02-01,0.01772,0.012947395072979028,-0.009712528171806019,0.01448513309882699
2006-03-01,0.05462,0.01664100401118501,0.009321506428702553,0.028657489560112437
2006-04-01,-0.03742543859649122,0.020633550676941368,0.012859181396371962,-0.07091817066980455
2006-05-01,-0.02476283185840708,0.024154601143338915,-0.0024637655310068827,-0.04645366747073911
2006-06-01,0.04544867256637168,0.024217770618000033,0.0010686792408162449,0.020162222707555404
2006-07-01,0.01827207207207207,0.023551023976071186,0.009111326770543451,-0.014390278674542567
2006-08-01,0.04081441441441442,0.021925850630001548,-0.009568121956051067,0.02845668574046394
2006-09-01,0.018916363636363637,0.018105092470852298,-0.009994478041638992,0.010805749207150332
2006-10-01,0.05860654205607477,0.017312448708669062,-0.019142422358386875,0.06043651570579258
2006-11-01,0.034558490566037735,0.02055384594253544,-0.0029583117862272286,0.016962956409729522
2006-12-01,0.0002846153846153845,0.017729786790229896,0.011482169791540464,-0.028927341197154975
2007-01-01,0.049801960784313724,0.00959158985153602,0.009996764217142393,0.030213606715635312
2007-02-01,-0.00976930693069307,0.006532698016152246,-0.009712528171806019,-0.006589476775039297
2007-03-01,-0.009588888888888888,0.007491278789213356,0.009321506428702553,-0.026401674106804798
2007-04-01,0.0077599999999999995,0.005547887130206564,0.012859181396371962,-0.010647068526578526
2007-05-01,0.007845263157894737,-0.0011005601102741795,-0.0024637655310068827,0.011409588799175798
2007-06-01,-0.05493684210526316,-0.007694645463582044,0.0010686792408162449,-0.048310875882497356
2007-07-01,-0.07665913978494623,-0.011708601529784975,0.009111326770543451,-0.0740618650257047
2007-08-01,0.06233222222222222,-0.014652597765933898,-0.009568121956051067,0.08655294194420719
2007-09-01,0.02040449438202247,-0.013712632286994928,-0.009994478041638992,0.044111604710656394
2007-10-01,0.010477011494252873,-0.010210087587122642,-0.019142422358386875,0.039829521439762386
2007-11-01,-0.07687471264367816,-0.008426015697628795,-0.0029583117862272286,-0.06549038515982214
2007-12-01,-0.046540229885057474,-0.010257736306622543,0.011482169791540464,-0.047764663369975396
2008-01-01,0.0002918604651162789,-0.007384328257846889,0.009996764217142393,-0.0023205754941792254
2008-02-01,-0.030915116279069767,-0.0039065109562992795,-0.009712528171806019,-0.01729607715096447
2008-03-01,0.034116091954022994,-0.006133961357445134,0.009321506428702553,0.030928546882765577
2008-04-01,0.048116091954022985,-0.02014932448988684,0.012859181396371962,0.05540623504753786
2008-05-01,0.010306896551724138,-0.03903763105964118,-0.0024637655310068827,0.0518082931423722
2008-06-01,-0.10135977011494254,-0.035981921045819834,0.0010686792408162449,-0.06644652830993895
2008-07-01,0.03872558139534884,-0.03230262928594802,0.009111326770543451,0.06191688391075341
2008-08-01,0.030415116279069766,-0.04433164045243011,-0.009568121956051067,0.08431487868755096
2008-09-01,-0.001137209302325581,-0.05020995905913967,-0.009994478041638992,0.05906722779845308
2008-10-01,-0.30435,-0.03645234292659022,-0.019142422358386875,-0.24875523471502292
2008-11-01,-0.2153670588235294,-0.022228093137716218,-0.0029583117862272286,-0.19018065389958594
2008-12-01,0.165289156626506,-0.017218892305845196,0.011482169791540464,0.17102587914081074
2009-01-01,-0.1232345238095238,-0.011781099463104917,0.009996764217142393,-0.12145018856356127
2009-02-01,-0.196085,-0.004443235727081291,-0.009712528171806019,-0.1819292361011127
2009-03-01,0.05820632911392405,0.004481617450857481,0.009321506428702553,0.044403205234364015
2009-04-01,0.35420864197530866,0.01834661029877184,0.012859181396371962,0.32300285028016484
2009-05-01,0.04559634146341464,0.03955567717552254,-0.0024637655310068827,0.008504429818898982
2009-06-01,-0.0164283950617284,0.04690443197061326,0.0010686792408162449,-0.06440150627315791
2009-07-01,0.08430123456790124,0.0475661436984771,0.009111326770543451,0.02762376409888069
2009-08-01,0.16094819277108433,0.061417397199877655,-0.009568121956051067,0.10909891752725774
2009-09-01,0.08252619047619048,0.07426034272164087,-0.009994478041638992,0.018260325796188602
2009-10-01,-0.05525357142857143,0.06617043818783748,-0.019142422358386875,-0.10228158725802203
2009-11-01,0.04455411764705883,0.05043887201544602,-0.0029583117862272286,-0.002926442582159966
2009-12-01,0.08173809523809523,0.04431895290039449,0.011482169791540464,0.02593697254616028
2010-01-01,-0.023802380952380953,0.04285881638122862,0.009996764217142393,-0.07665796155075197
2010-02-01,0.036912941176470586,0.034873655056919035,-0.009712528171806019,0.01175181429135757
2010-03-01,0.1334390804597701,0.0255900001993937,0.009321506428702553,0.09852757383167385
2010-04-01,0.08481818181818182,0.029105806823325326,0.012859181396371962,0.04285319359848454
2010-05-01,-0.06257078651685394,0.03101525959774613,-0.0024637655310068827,-0.09112228058359319
2010-06-01,-0.05513932584269663,0.02711218147788201,0.0010686792408162449,-0.0833201865613949
2010-07-01,0.08796888888888889,0.02827686721776936,0.009111326770543451,0.05058069490057608
2010-08-01,-0.03436333333333333,0.030726292799830142,-0.009568121956051067,-0.055521504177112393
2010-09-01,0.05503,0.024656670225171328,-0.009994478041638992,0.04036780781646766
2010-10-01,0.05662197802197803,0.016726137133802766,-0.019142422358386875,0.05903826324656213
2010-11-01,-0.021494565217391303,0.017518532896956655,-0.0029583117862272286,-0.03605478632812073
2010-12-01,0.05411290322580645,0.021146147227727403,0.011482169791540464,0.021484586206538578
2011-01-01,0.0317752688172043,0.018806362802557108,0.009996764217142393,0.0029721417975047994
2011-02-01,0.04012150537634409,0.013427664075834869,-0.009712528171806019,0.036406369472315236
2011-03-01,-0.015440425531914893,0.004651304737773403,0.009321506428702553,-0.029413236698390847
2011-04-01,0.043364893617021276,0.0009321387069024462,0.012859181396371962,0.02957357351374687
2011-05-01,-0.0021,0.0036436719453078253,-0.0024637655310068827,-0.003279906414300943
2011-06-01,-0.028547368421052634,0.0030485218967115785,0.0010686792408162449,-0.03266456955858046
2011-07-01,0.005222105263157894,0.004823093675621218,0.009111326770543451,-0.008712315183006775
2011-08-01,-0.08070531914893617,0.005165313207746461,-0.009568121956051067,-0.07630251040063156
2011-09-01,-0.10926063829787235,0.0059749025679700744,-0.009994478041638992,-0.10524106282420342
2011-10-01,0.13165263157894735,0.007436808234492003,-0.019142422358386875,0.14335824570284222
2011-11-01,-0.03144842105263158,0.00475187644262632,-0.0029583117862272286,-0.03324198570903067
2011-12-01,0.04978315789473684,0.006890924956768818,0.011482169791540464,0.03141006314642756
2012-01-01,0.07869473684210526,0.011366168476824371,0.009996764217142393,0.0573318041481385
2012-02-01,0.0014153061224489792,0.016109470318024725,-0.009712528171806019,-0.004981636023769727
2012-03-01,0.04269591836734694,0.024981176053225904,0.009321506428702553,0.00839323588541848
2012-04-01,0.020314285714285715,0.02413155132509207,0.012859181396371962,-0.016676447007178317
2012-05-01,-0.043487755102040816,0.019898322216309557,-0.0024637655310068827,-0.06092231178734349
2012-06-01,0.06417755102040816,0.020761618437632096,0.0010686792408162449,0.04234725334195982
2012-07-01,0.0199030303030303,0.0192154943132185,0.009111326770543451,-0.00842379078073165
2012-08-01,0.018453,0.019135387905424118,-0.009568121956051067,0.00888573405062695
2012-09-01,0.004501980198019802,0.020975634455313526,-0.009994478041638992,-0.006479176215654733
2012-10-01,-0.002500980392156863,0.022685631314417525,-0.019142422358386875,-0.006044189348187512
2012-11-01,0.001107692307692308,0.0235191596131244,-0.0029583117862272286,-0.019453155519204863
2012-12-01,0.037946153846153845,0.019720018440533976,0.011482169791540464,0.006743965614079405
2013-01-01,0.053424761904761905,0.015680805622232813,0.009996764217142393,0.0277471920653867
2013-02-01,0.024762727272727273,0.011754173905265572,-0.009712528171806019,0.022721081539267718
2013-03-01,0.06351441441441441,0.009491056852855203,0.009321506428702553,0.04470185113285666
2013-04-01,0.040535714285714286,0.012904939695702082,0.012859181396371962,0.01477159319364024
2013-05-01,-0.043704504504504506,0.013634923565318303,-0.0024637655310068827,-0.05487566253881593
2013-06-01,-0.026785087719298245,0.01097170890119455,0.0010686792408162449,-0.038825475861309036
2013-07-01,0.013924561403508772,0.008297541957027602,0.009111326770543451,-0.003484307324062281
2013-08-01,-0.0698076923076923,0.007800691046925948,-0.009568121956051067,-0.06804026139856718
2013-09-01,0.03844786324786325,0.0060438224383770126,-0.009994478041638992,0.04239851885112523
2013-10-01,0.04548632478632479,0.0024072733600246548,-0.019142422358386875,0.06222147378468701
2013-11-01,-0.02936,0.0041099141008826105,-0.0029583117862272286,-0.030511602314655384
2013-12-01,0.004496694214876033,0.008962684209736949,0.011482169791540464,-0.015948159786401378
2014-01-01,0.02269421487603306,0.010195478627302869,0.009996764217142393,0.0025019720315877982
2014-02-01,0.0435688524590164,0.013587992802574082,-0.009712528171806019,0.039693387828248335
2014-03-01,0.0025434426229508193,0.01381429058962768,0.009321506428702553,-0.020592354395379413
2014-04-01,0.014229508196721311,0.011537639990011967,0.012859181396371962,-0.010167313189662618
2014-05-01,0.023465079365079366,0.014972519321490135,-0.0024637655310068827,0.010956325574596113
2014-06-01,0.02251181102362205,0.017189443624740196,0.0010686792408162449,0.004253688158065608
2014-07-01,-0.005785271317829456,0.018946134953229773,0.009111326770543451,-0.03384273304160268
2014-08-01,0.031322480620155045,0.017659707805497447,-0.009568121956051067,0.023230894770708665
2014-09-01,-0.057251162790697675,0.015587463928289875,-0.009994478041638992,-0.06284414867734855
2014-10-01,0.08654573643410853,0.013804261267325275,-0.019142422358386875,0.09188389752517012
2014-11-01,0.012017692307692307,0.010310088062326162,-0.0029583117862272286,0.004665916031593375
2014-12-01,0.016325185185185186,0.006619944569190543,0.011482169791540464,-0.001776929175545821
2015-01-01,0.053026315789473685,0.005938943643220745,0.009996764217142393,0.03709060792911055
2015-02-01,-0.0176375,0.0035676622237449276,-0.009712528171806019,-0.01149263405193891
2015-03-01,0.014015942028985507,0.0025173552164916655,0.009321506428702553,0.0021770803837912883
2015-04-01,-0.04003985507246377,0.00465080129948531,0.012859181396371962,-0.05754983776832104
2015-05-01,-0.0061257142857142855,0.003366573455507035,-0.0024637655310068827,-0.0070285222102144385
2015-06-01,-0.036460839160839156,0.0021038530871572343,0.0010686792408162449,-0.03963337148881264
2015-07-01,0.036843356643356646,-0.0025675820893873566,0.009111326770543451,0.030299611962200552
2015-08-01,-0.0682169014084507,-0.005477599236643795,-0.009568121956051067,-0.05317118021575583
2015-09-01,0.017080851063829786,-0.001062956026373899,-0.009994478041638992,0.028138285131842678
2015-10-01,0.06341642857142857,0.004218548229848452,-0.019142422358386875,0.078340302699967
2015-11-01,0.004325531914893617,0.007052207830118546,-0.0029583117862272286,0.00023163587100229937
2015-12-01,-0.006287943262411347,0.012755724295667386,0.011482169791540464,-0.030525837349619195
2016-01-01,-0.036475,0.018114006690730353,0.009996764217142393,-0.06458577090787275
2016-02-01,0.002023404255319149,0.020881118674990224,-0.009712528171806019,-0.009145186247865054
2016-03-01,0.10030647482014389,0.021406322147598928,0.009321506428702553,0.06957864624384241
2016-04-01,0.00042571428571428594,0.0154343697684303,0.012859181396371962,-0.027867836879087976
2016-05-01,0.02141654676258993,0.011211245754109289,-0.0024637655310068827,0.012669066539487524
2016-06-01,0.07288129496402877,0.01417262754976635,0.0010686792408162449,0.05763998817344618
2016-07-01,0.0561,0.01845982773199645,0.009111326770543451,0.028528845497460098
2016-08-01,-0.021062857142857144,0.021313537102121572,-0.009568121956051067,-0.032808272288927645
2016-09-01,-0.01746830985915493,0.0175751497048408,-0.009994478041638992,-0.025048981522356732
2016-10-01,-0.045361267605633804,0.012993290474078689,-0.019142422358386875,-0.03921213572132562
2016-11-01,0.011748251748251748,0.011693335420746838,-0.0029583117862272286,0.0030132281137321393
2016-12-01,0.0573625,0.008190917138623766,0.011482169791540464,0.03768941306983577
2017-01-01,0.002767361111111111,0.004742277874102941,0.009996764217142393,-0.011971680980134222
2017-02-01,0.031270068027210884,0.0036884219116266243,-0.009712528171806019,0.03729417428739028
2017-03-01,-0.018661486486486484,0.005347829950128094,0.009321506428702553,-0.03333082286531713
2017-04-01,0.009429054054054054,0.008069825706718922,0.012859181396371962,-0.01149995304903683
2017-05-01,-0.018785714285714288,0.010197392681997165,-0.0024637655310068827,-0.02651934143670457
2017-06-01,0.029025517241379313,0.008482948213613435,0.0010686792408162449,0.01947388978694963
2017-07-01,0.01718843537414966,0.004365007991260801,0.009111326770543451,0.00371210061234541
2017-08-01,-0.007443835616438356,-0.002104567988094164,-0.009568121956051067,0.004228854327706874
2017-09-01,0.008738461538461539,-0.004325893659786562,-0.009994478041638992,0.023058833239887094
2017-10-01,-0.006240140845070422,-0.0015290825383202694,-0.019142422358386875,0.014431364051636721
2017-11-01,0.023688732394366196,0.0018545426724816657,-0.0029583117862272286,0.02479250150811176
2017-12-01,0.0042753521126760565,0.005297351229064431,0.011482169791540464,-0.01250416890792884
2018-01-01,-0.04297605633802817,0.005094943779704591,0.009996764217142393,-0.05806776433487515
2018-02-01,-0.07825633802816902,0.006030386078415917,-0.009712528171806019,-0.0745741959347789
2018-03-01,0.03755310344827586,0.006370992418422943,0.009321506428702553,0.021860604601150364
2018-04-01,0.020337931034482757,0.003148830654371829,0.012859181396371962,0.004329918983738966
2018-05-01,0.05151241379310345,0.0011874982203091,-0.0024637655310068827,0.052788681103801235
2018-06-01,0.041354794520547945,-0.002645925878723152,0.0010686792408162449,0.04293204115845485
2018-07-01,1.3793103448277213e-06,0.0012553897826460833,0.009111326770543451,-0.010365337242844707
2018-08-01,0.032193835616438356,0.012454555639858322,-0.009568121956051067,0.0293074019326311
2018-09-01,-0.022724657534246576,0.015548799609422835,-0.009994478041638992,-0.02827897910203042
2018-10-01,-0.052108904109589044,0.014697793862296402,-0.019142422358386875,-0.04766427561349857
2018-11-01,0.02248551724137931,0.011614532975134349,-0.0029583117862272286,0.01382929605247219
2018-12-01,-0.08652361111111112,0.007821421062364301,0.011482169791540464,-0.10582720196501588
2019-01-01,0.1414544827586207,0.007246935963932579,0.009996764217142393,0.12421078257754571
2019-02-01,0.006093103448275862,0.006740419757098681,-0.009712528171806019,0.009065211862983199
2019-03-01,0.02746551724137931,0.008743288510716277,0.009321506428702553,0.009400722301960481
2019-04-01,0.010001379310344827,0.014791107100336189,0.012859181396371962,-0.017648909186363325
2019-05-01,-0.012149295774647888,0.016584892377937695,-0.0024637655310068827,-0.0262704226215787
2019-06-01,0.013981818181818182,0.01906139138623642,0.0010686792408162449,-0.006148252445234481
2019-07-01,0.013586713286713287,0.016542936453066166,0.009111326770543451,-0.01206754993689633
2019-08-01,0.006452112676056338,0.007243554167258711,-0.009568121956051067,0.008776680464848693
2019-09-01,0.05108591549295775,-0.00811504215711653,-0.009994478041638992,0.06919543569171327
2019-10-01,0.019228169014084508,-0.016110208309509377,-0.019142422358386875,0.05448079968198076
2019-11-01,-0.005800709219858155,-0.011450334661209647,-0.0029583117862272286,0.008607937227578721
2019-12-01,0.0011985915492957746,-0.009349408739610598,0.011482169791540464,-0.0009341695026340909
2020-01-01,-0.00671063829787234,-0.008181440140453487,0.009996764217142393,-0.008525962374561245
2020-02-01,-0.06892695035460993,-0.008050479386486762,-0.009712528171806019,-0.05116394279631715
2020-03-01,-0.2661207407407407,-0.011405277316579397,0.009321506428702553,-0.26403696985286385
2020-04-01,0.1117036496350365,-0.01734168821696992,0.012859181396371962,0.11618615645563446
2020-05-01,-0.002014598540145985,-0.010504477439055509,-0.0024637655310068827,0.010953644429916407
2020-06-01,0.05426934306569343,-1.6556947034950063e-05,0.0010686792408162449,0.053217220771912134
2020-07-01,0.0013304347826086954,0.0025846394452668517,0.009111326770543451,-0.010365531433201607
2020-08-01,0.021851449275362318,0.009399168602083244,-0.009568121956051067,0.02202040262933014
2020-09-01,-0.044828571428571426,0.027675451907620677,-0.009994478041638992,-0.0625095452945531
2020-10-01,-0.027331205673758865,0.03815841738951545,-0.019142422358386875,-0.04634720070488744
2020-11-01,0.204851724137931,0.03686514993489118,-0.0029583117862272286,0.17094488598926708
2020-12-01,0.04225625,0.03658838715213768,0.011482169791540464,-0.005814306943678139
2021-01-01,0.014660416666666667,0.036644310315153576,0.009996764217142393,-0.0319806578656293
2021-02-01,0.07325069444444444,0.03701554882905514,-0.009712528171806019,0.045947673787195324
2021-03-01,0.03033241379310345,0.03700630408527235,0.009321506428702553,-0.01599539672087145
2021-04-01,0.06684166666666666,0.040696190524145574,0.012859181396371962,0.013286294746149124
2021-05-01,0.011808965517241381,0.034771421790605,-0.0024637655310068827,-0.02049869074235674
2021-06-01,0.03380347222222222,0.02776663017377531,0.0010686792408162449,0.004968162807630665
2021-07-01,0.02313846153846154,0.026784288221250372,0.009111326770543451,-0.012757153453332285
2021-08-01,0.008953146853146854,0.020344493167945718,-0.009568121956051067,-0.0018232243587477971
2021-09-01,-0.03215214285714285,0.01802508911246323,-0.009994478041638992,-0.04018275392796709
2021-10-01,0.048549640287769785,0.014305593661640935,-0.019142422358386875,0.053386468984515725
2021-11-01,-0.013223571428571428,0.007785682954879611,-0.0029583117862272286,-0.018050942597223812
2021-12-01,0.09221654676258992,0.0008902207719062539,0.011482169791540464,0.0798441561991432
2022-01-01,-0.05887608695652174,-0.0015163517043295053,0.009996764217142393,-0.06735649946933463
2022-02-01,-0.007767883211678832,-0.001644325366763429,-0.009712528171806019,0.0035889703268906156
2022-03-01,0.055685294117647055,-0.008417252620502691,0.009321506428702553,0.05478104030944719
2022-04-01,-0.04777910447761194,-0.010877830630444967,0.012859181396371962,-0.049760455243538934
2022-05-01,-0.03004812030075188,-0.006926684037212642,-0.0024637655310068827,-0.020657670732532354
2022-06-01,-0.08983053435114503,-0.011287397794409649,0.0010686792408162449,-0.07961181579755162
2022-07-01,0.08901472868217054,-0.011186790071275396,0.009111326770543451,0.09109019198290248
2022-08-01,-0.059994488188976375,-0.006673995077707897,-0.009568121956051067,-0.04375237115521741
2022-09-01,-0.1257547619047619,-0.014063766231047967,-0.009994478041638992,-0.10169651763207493
2022-10-01,0.0830983870967742,-0.01770388666440593,-0.019142422358386875,0.11994469611956701
2022-11-01,0.0470552,-0.015974772088395123,-0.0029583117862272286,0.06598828387462234
2022-12-01,-0.07271935483870968,-0.009112691047791893,0.011482169791540464,-0.07508883358245826
2023-01-01,0.1084744,-0.00450969808494768,0.009996764217142393,0.10298733386780529
2023-02-01,-0.06681129032258064,-0.005517190114561223,-0.009712528171806019,-0.05158157203621339
2023-03-01,-0.0626258064516129,-0.001821860716397759,0.009321506428702553,-0.07012545216391769
2023-04-01,-0.01683089430894309,-0.004124098600798831,0.012859181396371962,-0.02556597710451622
2023-05-01,-0.01949758064516129,-0.007151191340475345,-0.0024637655310068827,-0.009882623773679062
2023-06-01,0.06430887096774193,0.002182891091529713,0.0010686792408162449,0.061057300635395974
2023-07-01,0.045347154471544714,0.0027734564367000395,0.009111326770543451,0.033462371264301224
2023-08-01,-0.04050672268907563,-0.0009692641696069964,-0.009568121956051067,-0.029969336563417565
2023-09-01,-0.056554621848739495,0.006093671877123521,-0.009994478041638992,-0.052653815684224024
2023-10-01,-0.041355462184873945,0.008970590022725584,-0.019142422358386875,-0.031183629849212656
2023-11-01,0.09885882352941178,0.009953744266261446,-0.0029583117862272286,0.09186339104937756
2023-12-01,0.09949499999999999,0.009932228922461948,0.011482169791540464,0.07808060128599759
2024-01-01,-0.049566386554621845,0.009318548495018187,0.009996764217142393,-0.06888169926678242
2024-02-01,0.001404201680672269,0.014198615309190461,-0.009712528171806019,-0.0030818854567121728
2024-03-01,0.038669166666666664,0.020784257489791513,0.009321506428702553,0.008563402748172598
2024-04-01,-0.049079831932773106,0.024982265845676244,0.012859181396371962,-0.08692127917482131
2024-05-01,0.03634705882352941,0.02356960157163329,-0.0024637655310068827,0.015241222782903007
2024-06-01,0.007947863247863248,0.014487983924574468,0.0010686792408162449,-0.007608799917527465
2024-07-01,0.08697983193277312,0.027476121282148713,0.009111326770543451,0.05039238388008095
2024-08-01,0.03498220338983051,0.029675264040229576,-0.009568121956051067,0.014875061305652002
2024-09-01,0.02601186440677966,0.03187440679831044,-0.009994478041638992,0.0041319356501082136
2024-10-01,-0.023169747899159664,0.0340735495563913,-0.019142422358386875,-0.038100875097164096
2024-11-01,0.04676916666666667,0.036272692314472055,-0.0029583117862272286,0.013454786138421842
2024-12-01,-0.06637416666666666,0.03847183507255303,0.011482169791540464,-0.11632817153076015
